<?xml version="1.0" encoding="UTF-8"?>
<beans xmlns="http://www.springframework.org/schema/beans"
	xmlns:context="http://www.springframework.org/schema/context"
	xmlns:mvc="http://www.springframework.org/schema/mvc" 
	xmlns:xsi="http://www.w3.org/2001/XMLSchema-instance"
	xmlns:tx="http://www.springframework.org/schema/tx"
	xsi:schemaLocation="
        http://www.springframework.org/schema/beans     
        http://www.springframework.org/schema/beans/spring-beans-3.0.xsd
        http://www.springframework.org/schema/context 
        http://www.springframework.org/schema/context/spring-context-3.0.xsd
        http://www.springframework.org/schema/mvc
        http://www.springframework.org/schema/mvc/spring-mvc-3.0.xsd
        http://www.springframework.org/schema/tx 
        http://www.springframework.org/schema/tx/spring-tx-3.2.xsd">
        
        
        <bean id="prod"  class="com.cg.Demoonespringcore.dto.Product" scope="singleton" autowire="byName">
      <property name="id" value="1001"></property>
      <property name="name" value="dan"></property>
      <property name="price" value="10.00"></property>
      <property name="description" value="goo"></property>
      
      </bean>
        
        <bean id="item"  class="com.cg.Demoonespringcore.dto.Item">
        <property name="id" value="1001"></property>
      <property name="nameOfShop" value="danya"></property>
      </bean> 
        
	
        
        
        </beans>